frame,time_s,delta_ms,cpu_ms,main_ms,present_wait_ms,render_ms,gpu_ms,main_rec_ns,render_rec_ns,wait_rec_ns,gc_bytes
1,2.7007,2644.692,0.000,0.000,0.000,0.000,0.000,0,0,0,0
2,2.8446,197.046,0.000,0.000,0.000,0.000,0.000,0,0,0,41640701
3,2.8463,3.752,0.000,0.000,0.000,0.000,0.000,3740061,0,0,180354
4,2.8478,1.524,0.000,0.000,0.000,0.000,0.000,1504781,0,0,171250
5,2.8632,14.921,197.045,197.030,0.001,0.478,0.000,14913479,0,0,177554
6,2.9045,16.566,3.758,3.736,0.001,0.391,0.000,16558474,0,0,171404
7,2.9084,27.386,1.512,1.502,0.001,0.406,0.000,27378635,0,0,182484
8,2.9134,6.246,14.922,1.664,13.246,0.249,0.000,6235519,0,0,180524
9,2.9303,16.695,16.566,2.236,14.320,2.471,0.000,16685479,0,0,171486
10,2.9468,16.629,27.389,27.375,0.002,0.744,0.000,16619178,0,0,171256
11,2.9636,16.800,6.245,3.685,2.549,0.491,0.000,16790483,0,0,171258
12,2.9800,16.464,16.696,2.373,14.311,0.398,0.000,16454431,0,0,171258
13,2.9966,16.566,16.628,2.540,14.077,0.440,0.000,16555359,0,0,171258
14,3.0149,16.880,16.800,2.489,14.300,0.565,0.000,16871107,0,0,171834
15,3.0302,16.630,16.465,2.449,14.003,0.965,0.000,16622211,0,0,172062
16,3.0468,16.701,16.564,2.333,14.220,0.673,0.000,16691212,0,0,171258
17,3.0645,17.061,16.879,2.475,14.394,0.446,0.000,17050696,0,0,173542
18,3.0802,16.420,16.632,3.971,12.649,0.413,0.000,16406368,0,0,171258
19,3.0967,16.420,16.701,2.537,14.153,0.415,0.000,16409706,0,0,171258
20,3.1140,17.067,17.064,2.890,14.159,0.422,0.000,17057689,0,0,171258
21,3.1303,16.427,16.416,3.446,12.958,0.407,0.000,16412713,0,0,171258
22,3.1471,16.860,16.419,2.357,14.052,0.833,0.000,16849044,0,0,171802
23,3.1635,16.450,17.072,2.937,14.119,0.408,0.000,16440342,0,0,171258
24,3.1800,16.558,16.424,2.766,13.645,0.446,0.000,16547103,0,0,171258
25,3.1970,16.733,16.859,2.726,14.122,0.415,0.000,16723935,0,0,171258
26,3.2265,19.546,16.451,2.512,13.927,0.836,0.000,19533809,0,0,171258
27,3.2340,16.326,16.557,2.488,14.057,0.805,0.000,16311148,0,0,171258
28,3.2509,14.656,16.736,2.511,14.211,0.798,0.000,14629124,0,0,171258
29,3.2637,16.163,19.549,3.187,16.345,1.554,0.000,16150868,0,0,171258
30,3.2802,16.718,16.337,15.044,1.265,0.529,0.000,16702735,0,0,172346
31,3.2973,16.746,14.640,4.212,10.414,0.601,0.000,16732813,0,0,171258
32,3.3134,16.420,16.166,6.368,9.781,0.605,0.000,16409391,0,0,171530
33,3.3300,16.609,16.715,2.959,13.742,0.500,0.000,16598747,0,0,171258
34,3.3469,16.850,16.743,2.715,14.016,0.361,0.000,16840328,0,0,171258
35,3.3635,16.651,16.419,2.804,13.603,0.784,0.000,16640791,0,0,173102
36,3.3800,16.585,16.608,2.441,14.156,0.658,0.000,16574010,0,0,171258
37,3.3967,16.619,16.850,2.484,14.355,0.495,0.000,16609722,0,0,176662
38,3.4132,16.608,16.651,2.488,14.151,0.402,0.000,16598501,0,0,171258
39,3.4301,16.812,16.584,2.501,14.071,0.386,0.000,16803231,0,0,171258
40,3.4465,16.487,16.619,2.387,14.221,0.355,0.000,16478206,0,0,171258
41,3.4635,16.889,16.608,2.361,14.236,0.367,0.000,16880909,0,0,171258
42,3.4807,16.530,16.812,2.310,14.492,0.763,0.000,16521016,0,0,171258
43,3.4967,16.672,16.486,2.383,14.094,0.408,0.000,16662260,0,0,171258
44,3.5134,16.753,16.890,2.326,14.553,0.414,0.000,16743642,0,0,171258
45,3.5301,16.684,16.531,2.389,14.130,0.438,0.000,16671674,0,0,171258
46,3.5467,16.637,16.671,3.095,13.565,0.528,0.000,16627535,0,0,171258
47,3.5634,16.663,16.755,2.448,14.294,0.405,0.000,16654046,0,0,171258
48,3.5798,16.499,16.681,2.447,14.223,0.727,0.000,16491559,0,0,171258
49,3.5968,16.888,16.637,2.394,14.232,0.683,0.000,16880456,0,0,171258
50,3.6134,16.595,16.662,2.327,14.326,0.704,0.000,16584712,0,0,171258
51,3.6305,17.020,16.499,2.324,14.166,0.405,0.000,17009157,0,0,171258
52,3.6469,16.376,16.891,2.241,14.638,0.371,0.000,16364933,0,0,171258
53,3.6634,16.629,16.595,2.452,14.131,0.420,0.000,16619552,0,0,171258
54,3.6799,16.640,17.021,2.564,14.444,0.806,0.000,16631440,0,0,171258
55,3.6969,16.773,16.374,2.587,13.776,0.718,0.000,16764739,0,0,171258
56,3.7143,16.560,16.628,2.462,14.156,0.752,0.000,16550621,0,0,171258
57,3.7301,16.704,16.640,2.352,14.278,0.418,0.000,16695083,0,0,171258
58,3.7467,16.577,16.773,2.207,14.556,0.390,0.000,16568112,0,0,171258
59,3.7634,16.804,16.559,2.444,14.105,0.624,0.000,16793729,0,0,171258
60,3.7800,16.693,16.704,3.291,13.402,0.396,0.000,16683408,0,0,171258
61,3.7970,16.844,16.578,2.352,14.215,0.449,0.000,16834577,0,0,171258
62,3.8135,16.476,16.803,2.334,14.459,0.397,0.000,16467499,0,0,173466
63,3.8303,16.800,16.693,2.338,14.343,0.434,0.000,16789733,0,0,171258
64,3.8469,16.651,16.843,2.217,14.616,0.417,0.000,16641831,0,0,171258
65,3.8635,16.527,16.477,2.436,14.029,0.413,0.000,16518145,0,0,171258
66,3.8797,16.421,16.799,2.419,14.369,0.380,0.000,16410735,0,0,171258
67,3.8967,16.870,16.651,2.317,14.323,0.376,0.000,16860681,0,0,171258
68,3.9137,16.899,16.528,2.323,14.193,0.321,0.000,16890451,0,0,171258
69,3.9302,16.631,16.420,2.401,14.008,0.411,0.000,16617556,0,0,171258
70,3.9475,16.554,16.870,2.169,14.681,0.585,0.000,16545866,0,0,171258
71,3.9633,16.512,16.904,2.550,14.339,0.365,0.000,16502693,0,0,171258
72,3.9798,16.686,16.626,2.436,14.179,0.360,0.000,16677171,0,0,171258
73,3.9965,16.575,16.555,2.245,14.299,0.366,0.000,16566541,0,0,171258
74,4.0133,16.814,16.511,2.916,13.584,0.742,0.000,16805838,0,0,171258
75,4.0298,16.507,16.686,2.208,14.468,0.715,0.000,16497097,0,0,171258
76,4.0465,16.675,16.575,2.145,14.420,0.368,0.000,16664828,0,0,171258
77,4.0634,16.737,16.815,2.268,14.536,0.388,0.000,16727164,0,0,171258
78,4.0797,16.539,16.507,2.240,14.256,0.338,0.000,16530030,0,0,171258
79,4.0966,16.834,16.674,2.142,14.521,0.591,0.000,16825377,0,0,171258
80,4.1131,16.525,16.736,2.214,14.511,0.371,0.000,16515752,0,0,171258
81,4.1300,16.913,16.539,2.405,14.123,0.349,0.000,16904117,0,0,171258
82,4.1466,16.546,16.834,2.070,14.754,0.343,0.000,16537258,0,0,171258
83,4.1632,16.628,16.524,2.128,14.386,0.374,0.000,16618539,0,0,171258
84,4.1809,16.843,16.913,2.140,14.762,0.372,0.000,16833126,0,0,171258
85,4.1967,16.586,16.546,2.221,14.314,0.401,0.000,16576362,0,0,171258
86,4.2132,16.567,16.628,2.227,14.390,0.422,0.000,16556902,0,0,171258
87,4.2298,16.604,16.843,2.284,14.548,0.762,0.000,16595945,0,0,175262
88,4.2466,16.619,16.586,3.188,13.387,0.659,0.000,16611244,0,0,171258
89,4.2632,16.792,16.565,2.273,14.283,0.685,0.000,16783796,0,0,183142
90,4.2797,16.558,16.604,2.187,14.407,0.586,0.000,16548647,0,0,171258
91,4.2965,16.724,16.619,2.174,14.435,0.361,0.000,16706600,0,0,171258
92,4.3130,16.552,16.793,2.350,14.432,0.348,0.000,16544602,0,0,171354
93,4.3302,17.142,16.567,2.178,14.369,0.337,0.000,17134705,0,0,171258
94,4.3465,16.316,16.714,2.030,14.676,0.335,0.000,16308363,0,0,171258
95,4.3632,16.728,16.552,2.152,14.391,0.361,0.000,16718850,0,0,171258
96,4.3799,16.749,17.143,2.153,14.980,0.681,0.000,16741743,0,0,171258
97,4.3965,16.503,16.317,2.123,14.184,0.678,0.000,16494011,0,0,171258
98,4.4140,16.679,16.727,2.164,14.553,0.666,0.000,16671443,0,0,171258
99,4.4299,16.659,16.751,2.186,14.554,1.618,0.000,16650543,0,0,171258
100,4.4467,16.740,16.502,2.111,14.381,0.612,0.000,16731141,0,0,171258
101,4.4635,16.836,16.680,2.213,14.456,0.366,0.000,16826525,0,0,171260
102,4.4799,16.507,16.659,3.010,13.639,0.631,0.000,16497212,0,0,171260
103,4.4967,16.661,16.741,2.263,14.467,0.408,0.000,16650322,0,0,171260
104,4.5132,16.598,16.837,2.435,14.390,0.397,0.000,16588382,0,0,171260
105,4.5302,17.002,16.507,2.416,14.079,0.593,0.000,16993348,0,0,171260
106,4.5466,16.508,16.660,2.250,14.398,0.346,0.000,16499404,0,0,171260
107,4.5631,16.481,16.596,2.287,14.299,0.315,0.000,16471682,0,0,171260
108,4.5797,16.712,17.002,2.187,14.805,0.363,0.000,16703665,0,0,171260
109,4.5965,16.651,16.508,2.125,14.372,0.301,0.000,16642183,0,0,171260
110,4.6134,16.915,16.480,2.086,14.384,0.352,0.000,16906763,0,0,171820
111,4.6297,16.278,16.712,2.106,14.595,0.345,0.000,16269534,0,0,171316
112,4.6464,16.682,16.650,2.030,14.611,0.341,0.000,16674320,0,0,171260
113,4.6633,16.817,16.916,2.125,14.780,0.592,0.000,16807842,0,0,171260
114,4.6797,16.566,16.278,2.129,14.139,0.333,0.000,16556793,0,0,171260
115,4.6966,16.817,16.684,2.105,14.568,0.698,0.000,16798881,0,0,171260
116,4.7131,16.524,16.817,2.121,14.686,0.385,0.000,16514305,0,0,171260
117,4.7301,16.941,16.575,2.242,14.313,0.357,0.000,16932812,0,0,171260
118,4.7471,16.923,16.809,2.094,14.702,0.385,0.000,16913872,0,0,171260
119,4.7634,16.418,16.522,2.243,14.270,0.380,0.000,16408222,0,0,171260
120,4.7799,16.590,16.942,2.204,14.728,0.447,0.000,16580399,0,0,171260
121,4.7966,16.511,16.924,2.315,14.597,0.354,0.000,16502278,0,0,190441
